<skin version="1.1"><bkgd_main showhide="show" bkgd_alpha="undefined" bkgd_color="undefined" imageURL="ipod20.jpg" height="300" width="188" y="53" x="241" style="custom" objectType="mc" helpTag="main background" /><visualDisplay showhide="hide" outline_alpha="0" outline_color="000000" bkgd_alpha="54.296875" bkgd_color="000000" height="125" width="125" y="411.5" x="1004.8" objectType="mc" helpTag="cover art holder" /><bkgd_info showhide="show" outline_alpha="0" outline_color="000000" bkgd_alpha="54.296875" bkgd_color="000000" height="1" width="132" y="93" x="269.5" objectType="mc" helpTag="info background" /><bkgd_pl showhide="show" outline_alpha="0" outline_color="000000" bkgd_alpha="54.296875" bkgd_color="000000" height="1" width="131" y="151" x="270" objectType="mc" helpTag="playlist background" /><thinker showhide="show" bkgd_alpha="100" bkgd_color="000000" style="blades" height="11" width="11" y="81.5" x="331" objectType="mc" helpTag="loading indicator" /><listPlayOpen showhide="show" totalitems="4" pl_t_color_norm_alpha="100" pl_t_color_playing_alpha="100" pl_bg_color_norm_alpha="0" pl_bg_color_playing_alpha="18.359375" pl_bg_color_over_alpha="36.328125" pl_t_color_norm="423F2E" pl_t_color_playing="000000" pl_bg_color_norm="B2BB93" pl_bg_color_playing="000000" pl_bg_color_over="000000" height="64.05" width="126.75" y="94" x="267" objectType="pl" helpTag="click to play / open" /><toggleRandomMC showhide="show" icon_on_alpha="100" icon_on_color="000000" icon_alpha="30.078125" icon_color="000000" button_alpha="0" button_color="FFFFFF" bkgd_alpha="0" bkgd_color="FFFFFF" imageURL="undefined" height="12" width="12" y="80.5" x="280.5" style="fade" objectType="mc" helpTag="random playback" /><toggleRepeatMC showhide="show" icon_on_alpha="100" icon_on_color="000000" icon_alpha="30.078125" icon_color="000000" button_alpha="0" button_color="FFFFFF" bkgd_alpha="0" bkgd_color="FFFFFF" imageURL="undefined" height="12" width="12" y="80.5" x="297" style="undefined" objectType="mc" helpTag="repeat track" /><toggleInfoMC showhide="show" icon_on_alpha="100" icon_on_color="000000" icon_alpha="30.078125" icon_color="000000" button_alpha="0" button_color="FFFFFF" bkgd_alpha="0" bkgd_color="FFFFFF" imageURL="undefined" height="12" width="12" y="80" x="268" style="fade" objectType="mc" helpTag="help" /><toggleMuteMC showhide="show" icon_on_alpha="100" icon_on_color="000000" icon_alpha="30.078125" icon_color="000000" imageURL="undefined" height="15.5" width="14" y="78.5" x="311.5" objectType="mc" helpTag="mute volume" /><playControl_prev showhide="show" icon_alpha="100" icon_color="FFFFFF" button_alpha="0.78125" button_color="FFFFFF" bkgd_alpha="0" bkgd_color="000000" imageURL="undefined" height="30" width="30" y="237" x="284" style="metal" objectType="mc" helpTag="previous track" /><playControl_pause showhide="show" icon_alpha="100" icon_color="FFFFFF" button_alpha="0.78125" button_color="FFFFFF" bkgd_alpha="0" bkgd_color="000000" imageURL="undefined" height="30" width="30" y="274" x="322" style="metal" objectType="mc" helpTag="pause track" /><playControl_next showhide="show" icon_alpha="100" icon_color="FFFFFF" button_alpha="0.78125" button_color="FFFFFF" bkgd_alpha="0" bkgd_color="000000" imageURL="undefined" height="30" width="30" y="238" x="361" style="metal" objectType="mc" helpTag="next track" /><playControl_play showhide="show" icon_alpha="36.328125" icon_color="000000" button_alpha="0.78125" button_color="FFFFFF" bkgd_alpha="0" bkgd_color="000000" imageURL="undefined" height="31" width="33" y="238" x="320" style="metal" objectType="mc" helpTag="play track" /><scrub_line showhide="show" outline_alpha="35.15625" outline_color="000000" loader_alpha="54.6875" loader_color="000000" bkgd_alpha="0" bkgd_color="000000" imageURL="undefined" height="6" width="98" y="157" x="270" style="bevel" objectType="scrub" helpTag="position locator" /><scrubber showhide="show" button_alpha="undefined" button_color="undefined" bkgd_alpha="50.78125" bkgd_color="000000" imageURL="undefined" height="6" width="12" y="157" x="270" style="flat" objectType="scrub" helpTag="location handle" /><playlist_back showhide="show" icon_alpha="100" icon_color="FFFFFF" button_alpha="0.78125" button_color="FFFFFF" bkgd_alpha="0" bkgd_color="000000" imageURL="undefined" height="30" width="30" y="200" x="322" style="metal" objectType="mc" helpTag="previous playlist" /><playlist_line showhide="show" outline_alpha="30.078125" outline_color="000000" bkgd_alpha="0" bkgd_color="000000" height="57.5" width="6" y="94" x="396" style="bevel" objectType="pl_scroll" helpTag="playlist scroller" /><playlist_handle showhide="show" button_alpha="undefined" button_color="undefined" bkgd_alpha="46.09375" bkgd_color="000000" imageURL="undefined" height="12" width="6" y="94" x="396" style="flat" objectType="pl_scroll" helpTag="scroll playlist" /><vol_line showhide="hide" outline_alpha="0" outline_color="000000" bkgd_alpha="32.421875" bkgd_color="B0B0B6" height="3" width="61.2" y="411.5" x="1004.8" style="bevel" rotation="0" objectType="vol" helpTag="volume adjust " /><vol_handle showhide="show" button_alpha="undefined" button_color="undefined" bkgd_alpha="100" bkgd_color="FFFFFF" imageURL="undefined" height="15.75" width="16" y="405.1" x="1050" style="knob" objectType="vol" helpTag="adjust volume" /><itext showhide="hide" color="000000" height="13" width="103" y="411.5" x="1004.8" objectType="itext" helpTag="track info" /><itime showhide="show" color="000000" height="13" width="35" y="150" x="370" objectType="itime" helpTag="track time" /><startUpText showhide="show" theText="Click item to start" /><fakeEQ showhide="show" alpha="100" color="000000" height="9" width="37" y="82" x="364" totalBars="10" objectType="mc" /><toggleVoteMC showhide="hide" icon_on_alpha="100" icon_on_color="000000" icon_alpha="30.078125" icon_color="000000" button_alpha="0" button_color="FFFFFF" bkgd_alpha="0" bkgd_color="FFFFFF" imageURL="undefined" height="11.55" width="10.55" y="411.5" x="1004.8" style="undefined" objectType="mc" helpTag="vote button" /><playlistScrollerUp showhide="hide" icon_alpha="100" icon_color="000000" button_alpha="0" button_color="000000" bkgd_alpha="0" bkgd_color="000000" imageURL="undefined" height="24" width="16" y="411.5" x="1004.8" style="undefined" objectType="mc" helpTag="playlist scroll one up" /><playlistScrollerDown showhide="hide" icon_alpha="100" icon_color="000000" button_alpha="0" button_color="000000" bkgd_alpha="0" bkgd_color="000000" imageURL="undefined" height="24" width="16" y="411.5" x="1004.8" style="undefined" objectType="mc" helpTag="playlist scroll one down" /></skin>