<skin version="1.1"><bkgd_main showhide="show" bkgd_alpha="" bkgd_color="" imageURL="skin_new_bkgd.jpg" height="300" width="188" y="53" x="241" style="custom" objectType="mc" helpTag="main background" /><visualDisplay showhide="hide" outline_alpha="0" outline_color="000000" bkgd_alpha="54.296875" bkgd_color="000000" height="125" width="125" y="425.9" x="867.35" objectType="mc" helpTag="cover art holder" /><bkgd_info showhide="show" outline_alpha="0" outline_color="000000" bkgd_alpha="54.296875" bkgd_color="000000" height="1" width="132" y="93" x="269.5" objectType="mc" helpTag="info background" /><bkgd_pl showhide="show" outline_alpha="0" outline_color="000000" bkgd_alpha="54.296875" bkgd_color="000000" height="1" width="131" y="151" x="270" objectType="mc" helpTag="playlist background" /><thinker showhide="show" bkgd_alpha="100" bkgd_color="0000FF" style="blades" height="11" width="11" y="81" x="331" objectType="mc" helpTag="loading indicator" /><listPlayOpen showhide="show" totalitems="4" pl_t_color_norm_alpha="100" pl_t_color_playing_alpha="9.765625" pl_bg_color_norm_alpha="100" pl_bg_color_playing_alpha="48.828125" pl_bg_color_over_alpha="100" pl_t_color_norm="661A14" pl_t_color_playing="000000" pl_bg_color_norm="B2E6FF" pl_bg_color_playing="0000D3" pl_bg_color_over="2A0000" height="64" width="125.8" y="94" x="267" objectType="pl" helpTag="click to play / open" /><toggleRandomMC showhide="show" icon_on_alpha="100" icon_on_color="0000FF" icon_alpha="30.078125" icon_color="000000" button_alpha="0" button_color="FFFFFF" bkgd_alpha="0" bkgd_color="FFFFFF" imageURL="" height="12" width="12" y="80" x="280" style="fade" objectType="mc" helpTag="toggleRandomMC" /><toggleRepeatMC showhide="show" icon_on_alpha="100" icon_on_color="0000FF" icon_alpha="30.078125" icon_color="000000" button_alpha="" button_color="" bkgd_alpha="0" bkgd_color="FFFFFF" imageURL="" height="12" width="12" y="80" x="297" style="flat" objectType="mc" helpTag="toggleRepeatMC" /><toggleInfoMC showhide="show" icon_on_alpha="100" icon_on_color="0000FF" icon_alpha="30.078125" icon_color="000000" button_alpha="0" button_color="FFFFFF" bkgd_alpha="0" bkgd_color="0000FF" imageURL="" height="12" width="12" y="80" x="268" style="fade" objectType="mc" helpTag="toggleInfoMC" /><toggleMuteMC showhide="show" icon_on_alpha="100" icon_on_color="0000FF" icon_alpha="30.078125" icon_color="000000" imageURL="" height="15.5" width="14" y="78" x="312" objectType="mc" helpTag="toggleMuteMC" /><playControl_prev showhide="show" icon_alpha="100" icon_color="000000" button_alpha="" button_color="" bkgd_alpha="0" bkgd_color="000000" imageURL="" height="30" width="30" y="240" x="284" style="metal" objectType="mc" helpTag="previous track" /><playControl_pause showhide="show" icon_alpha="100" icon_color="090000" button_alpha="" button_color="" bkgd_alpha="0" bkgd_color="000000" imageURL="" height="30" width="30" y="277" x="322" style="metal" objectType="mc" helpTag="pause track" /><playControl_next showhide="show" icon_alpha="100" icon_color="000000" button_alpha="" button_color="" bkgd_alpha="0" bkgd_color="000000" imageURL="" height="30" width="30" y="239" x="360" style="metal" objectType="mc" helpTag="next track" /><playControl_play showhide="show" icon_alpha="100" icon_color="000000" button_alpha="" button_color="" bkgd_alpha="0" bkgd_color="000000" imageURL="" height="35" width="35" y="236" x="319" style="metal" objectType="mc" helpTag="play track" /><scrub_line showhide="show" outline_alpha="100" outline_color="0000BD" loader_alpha="100" loader_color="000000" bkgd_alpha="31.25" bkgd_color="0000FF" imageURL="" height="6" width="98" y="157" x="270" style="bevel" objectType="scrub" helpTag="position locator" /><scrubber showhide="show" button_alpha="" button_color="" bkgd_alpha="50.78125" bkgd_color="000000" imageURL="" height="6" width="12" y="157" x="270" style="flat" objectType="scrub" helpTag="location handle" /><playlist_back showhide="show" icon_alpha="100" icon_color="000000" button_alpha="" button_color="" bkgd_alpha="0" bkgd_color="000000" imageURL="" height="30" width="30" y="200" x="322" style="metal" objectType="mc" helpTag="previous playlist" /><playlist_line showhide="show" outline_alpha="" outline_color="" bkgd_alpha="33.59375" bkgd_color="0000FF" height="57" width="6" y="94" x="396" style="groove" objectType="pl_scroll" helpTag="playlist scroller" /><playlist_handle showhide="show" button_alpha="" button_color="" bkgd_alpha="46.09375" bkgd_color="000000" imageURL="" height="12" width="6" y="94" x="396" style="flat" objectType="pl_scroll" helpTag="scroll playlist" /><vol_line showhide="hide" outline_alpha="0" outline_color="000000" bkgd_alpha="32.421875" bkgd_color="B0B0B6" height="3" width="61.2" y="425.9" x="893.6" style="bevel" rotation="0" objectType="vol" helpTag="volume adjust " /><vol_handle showhide="show" button_alpha="" button_color="" bkgd_alpha="100" bkgd_color="FFFFFF" imageURL="" height="15.75" width="16" y="405.1" x="1050" style="knob" objectType="vol" helpTag="adjust volume" /><itext showhide="hide" color="000000" height="13" width="103" y="425.9" x="867.35" objectType="itext" helpTag="track info" /><itime showhide="show" color="0000EC" height="13" width="35" y="150" x="370" objectType="itime" helpTag="track time" /><startUpText showhide="show" theText="Click item to start" /><fakeEQ showhide="show" alpha="100" color="0000FF" height="9" width="37" y="82" x="364" totalBars="10" objectType="mc" /><toggleVoteMC showhide="hide" icon_on_alpha="100" icon_on_color="000000" icon_alpha="30.078125" icon_color="000000" button_alpha="0" button_color="FFFFFF" bkgd_alpha="0" bkgd_color="FFFFFF" imageURL="" height="11.55" width="10.55" y="425.9" x="925.15" style="" objectType="mc" helpTag="toggleVoteMC" /><playlistScrollerUp showhide="hide" icon_alpha="100" icon_color="000000" button_alpha="0" button_color="000000" bkgd_alpha="0" bkgd_color="000000" imageURL="" height="24" width="16" y="425.9" x="925.15" style="" objectType="mc" helpTag="playlist scroll one up" /><playlistScrollerDown showhide="hide" icon_alpha="100" icon_color="000000" button_alpha="0" button_color="000000" bkgd_alpha="0" bkgd_color="000000" imageURL="" height="24" width="16" y="425.9" x="925.15" style="" objectType="mc" helpTag="playlist scroll one down" /></skin>